{"predictions": [{"category": "gateway", "directions": ["arrow_end_04"], "x": 497.4728698730469, "y": 802.2254638671875, "w": 614.8787841796875, "h": 943.06982421875}, {"category": "gateway", "directions": ["arrow_start_04", "arrow_end_02", "arrow_end_05"], "x": 167.08425903320312, "y": 784.4581298828125, "w": 300.8428039550781, "h": 898.9564208984375}, {"category": "movement", "directions": ["arrow_start_05"], "x": 57.27381896972656, "y": 520.94140625, "w": 182.17593383789062, "h": 588.8489379882812}, {"category": "temperature", "directions": ["arrow_start_02"], "x": 493.93621826171875, "y": 420.1120300292969, "w": 594.4182739257812, "h": 516.9384155273438}], "uuid": "5b07b61e-f3e0-4c52-8537-346c2d0ee7d7", "timestamp": 1711054519}