{"predictions": [{"category": "gateway", "directions": ["arrow_end_03", "arrow_end_01", "arrow_end_05"], "x": 399.0959777832031, "y": 753.2019653320312, "w": 537.1430053710938, "h": 869.8312377929688}, {"category": "movement", "directions": ["arrow_start_01"], "x": 786.0734252929688, "y": 522.817626953125, "w": 913.325439453125, "h": 591.92236328125}, {"category": "movement", "directions": ["arrow_start_05"], "x": 454.2104187011719, "y": 333.17987060546875, "w": 519.6959228515625, "h": 440.9784851074219}, {"category": "movement", "directions": ["arrow_start_03"], "x": 146.3660430908203, "y": 414.09112548828125, "w": 256.046630859375, "h": 510.211181640625}], "uuid": "73641d14-5569-4ad1-8abd-74ae407ee968", "timestamp": 1711032762}