{
    "predictions": [
        {
            "category": "gateway",
            "directions": [
                "arrow_end_01",
                "arrow_end_03",
                "arrow_end_05"
            ],
            "x": 403.1724548339844,
            "y": 751.7635498046875,
            "w": 538.2542114257812,
            "h": 868.07421875
        },
        {
            "category": "movement",
            "directions": [
                "arrow_start_05"
            ],
            "x": 453.3206481933594,
            "y": 335.64306640625,
            "w": 521.4841918945312,
            "h": 441.1173095703125
        },
        {
            "category": "movement",
            "directions": [
                "arrow_start_03"
            ],
            "x": 149.3912353515625,
            "y": 414.8818359375,
            "w": 256.373291015625,
            "h": 512.76806640625
        },
        {
            "category": "movement",
            "directions": [
                "arrow_start_01"
            ],
            "x": 793.0574340820312,
            "y": 522.9669799804688,
            "w": 914.9376831054688,
            "h": 594.0943603515625
        }
    ],
    "uuid": "314306a0-812e-4d93-b3e6-ef1f9fadc757",
    "timestamp": 1710857642
}